12500,11,11A,2024-11-20,87,90,85,78,92,84,88,91,80,83,A
23750,9,9A,2024-11-20,72,65,88,77,89,84,78,85,87,81,B
16250,11,11A,2024-11-20,85,79,80,88,90,86,92,84,87,90,A
25153,12,12A,2024-11-20,92,88,91,87,85,90,89,93,82,86,A
23753,12,12A,2024-11-20,87,85,84,83,86,88,92,90,89,91,A
15004,7,7A,2024-11-20,60,62,65,70,75,80,78,85,77,79,C
13754,8,8A,2024-11-20,70,74,78,82,79,77,80,73,76,75,B
25001,12,12A,2024-11-20,89,87,90,85,88,82,91,92,86,88,A
23754,12,12A,2024-11-20,83,85,88,86,84,87,89,90,82,85,A
1401,8,8A,2024-11-20,75,80,78,82,77,79,76,74,81,78,B
1372,10,10A,2024-11-20,82,77,84,88,81,79,85,86,83,87,A
1293,7,7A,2024-11-20,62,65,70,75,80,77,78,72,73,76,C
1567,10,10A,2024-11-20,77,85,82,79,80,78,75,81,83,86,B
32024,8,8A,2024-11-20,65,70,75,80,77,79,82,76,78,81,C
34158,7,7A,2024-11-20,60,62,65,68,70,75,77,80,78,74,C
32068,7,7A,2024-11-20,63,66,69,72,75,77,79,81,74,76,C
8044,9,9A,2024-11-20,80,82,77,84,86,79,81,85,78,83,B
4038,12,12A,2024-11-20,90,88,85,87,89,92,91,93,88,90,A
5423,10,10A,2024-11-20,78,80,77,82,85,79,81,86,80,84,B
1878,8,8A,2024-11-20,72,74,77,80,75,78,76,73,70,75,B
1831,Wong Soeung,9,9B,2024-11-20,80,82,77,84,86,79,81,85,78,83,B
1320,Yu Xin,7,7B,2024-11-20,62,65,70,75,80,77,78,72,73,76,C
32486,Michael Gonzalez,6,6A,2024-11-20,87,90,85,78,92,84,88,91,80,83,A
1678,Nguyen Thi Thanh,10,10B,2024-11-20,72,65,88,77,89,84,78,85,87,81,B
1001,Nguyen Van An,9,9B,2024-11-20,85,79,80,88,90,86,92,84,87,90,A
1133,Nguyen Phuong,9,9B,2024-11-20,92,88,91,87,85,90,89,93,82,86,A
1154,Yamamoto Haruto,10,10A,2024-11-20,87,85,84,83,86,88,92,90,89,91,A
13753,Emi Nishimura,7,7A,2024-11-20,60,62,65,70,75,80,78,85,77,79,C
1176,Park Hyun,10,10A,2024-11-20,70,74,78,82,79,77,80,73,76,75,B
33234,Mia Lopez,10,10A,2024-11-20,89,87,90,85,88,82,91,92,86,88,A
1199,Chanthou Mealea,12,12A,2024-11-20,83,85,88,86,84,87,89,90,82,85,A
1218,Zhang Li,8,8A,2024-11-20,75,80,78,82,77,79,76,74,81,78,B
1278,Lee Eun-Ji,8,8A,2024-11-20,82,77,84,88,81,79,85,86,83,87,A
1035,Kim Min-Ji,8,8A,2024-11-20,62,65,70,75,80,77,78,72,73,76,C
2630,Kang Sun-Hee,8,8A,2024-11-20,77,85,82,79,80,78,75,81,83,86,B
2586,Yamamoto Hana,9,9A,2024-11-20,87,90,85,78,92,84,88,91,80,83,A
8352,Nguyen Thi Hoa,9,9A,2024-11-20,72,65,88,77,89,84,78,85,87,81,B
8374,Kim Hye-Jin,8,8A,2024-11-20,85,79,80,88,90,86,92,84,87,90,A
8396,Wong Cheng,7,7A,2024-11-20,92,88,91,87,85,90,89,93,82,86,A
8308,Jeong Sang-Hoon,9,9A,2024-11-20,87,85,84,83,86,88,92,90,89,91,A
32266,Emma Thompson,10,10B,2024-11-20,70,74,78,82,79,77,80,73,76,75,B
32794,Alexander Perez,10,10B,2024-11-20,83,85,88,86,84,87,89,90,82,85,A
32838,Liam Thompson,8,8A,2024-11-20,75,80,78,82,77,79,76,74,81,78,B
30726,Scarlett Gonzalez,9,9A,2024-11-20,82,77,84,88,81,79,85,86,83,87,A
30748,Jack Collins,8,8B,2024-11-20,62,65,70,75,80,77,78,72,73,76,C
8330,Chan Sreyka,8,8A,2024-11-20,77,85,82,79,80,78,75,81,83,86,B
1678,Yu Xin,8,8B,2024-11-20,87,85,84,83,86,88,92,90,89,91,A
30770,Victoria Wilson,10,10B,2024-11-20,75,80,78,82,77,79,76,74,81,78,B
30682,Madison Baker,10,10B,2024-11-20,82,77,84,88,81,79,85,86,83,87,A
30704,Lucas Carter,8,8A,2024-11-20,62,65,70,75,80,77,78,72,73,76,C
32662,Henry King,10,10B,2024-11-20,87,85,84,83,86,88,92,90,89,91,A
33190,Aria Young,12,12A,2024-11-20,70,74,78,82,79,77,80,73,76,75,B
33058,Ella Hernandez,10,10B,2024-11-20,89,87,90,85,88,82,91,92,86,88,A
33080,Noah Smith,8,8A,2024-11-20,83,85,88,86,84,87,89,90,82,85,A
33102,Grace Lee,8,8A,2024-11-20,75,80,78,82,77,79,76,74,81,78,B
33124,David Thompson,9,9A,2024-11-20,85,79,80,88,90,86,92,84,87,90,A
32464,Charlotte Mitchell,8,8A,2024-11-20,92,88,91,87,85,90,89,93,82,86,A
3972,Lee So-Young,8,8A,2024-11-20,87,85,84,83,86,88,92,90,89,91,A
32244,Scarlett Baker,7,7A,2024-11-20,60,62,65,70,75,80,78,85,77,79,C
33036,Isla Garcia,8,8A,2024-11-20,70,74,78,82,79,77,80,73,76,75,B
31078,Ella Thomas,12,12A,2024-11-20,78,75,82,80,70,73,79,74,76,77,B
32860,Victoria Scott,9,9A,2024-11-20,85,79,78,82,76,80,79,75,81,80,A
32970,Matthew Gonzalez,10,10A,2024-11-20,72,76,73,78,75,74,73,72,77,75,B
16253,Shunpei Nagasawa,11,11A,2024-11-20,68,72,70,71,69,74,72,70,73,74,C
33212,Alexander Parker,9,9B,2024-11-20,85,78,80,82,81,77,75,79,76,80,A
32508,Olivia Clark,10,10B,2024-11-20,73,75,74,78,80,79,77,74,73,75,B
33168,Michael King,8,8A,2024-11-20,70,73,72,71,74,70,75,72,76,78,B
1789,Hong Xiu,12,12B,2024-11-20,82,79,81,77,76,80,74,73,75,79,A
31056,Sebastian Wright,11,11B,2024-11-20,68,69,72,74,71,70,76,73,74,75,C
33146,Abigail Wright,12,12C,2024-11-20,85,80,81,83,79,77,79,75,80,82,A
2520,Tanaka Yuki,10,10C,2024-11-20,70,74,72,75,76,71,78,73,75,72,B
5688,Chan Dara,9,9C,2024-11-20,68,71,74,73,76,75,73,75,72,70,C
4984,Pham Hoang,8,8B,2024-11-20,72,70,74,75,78,73,74,72,77,73,B
32948,Emma Johnson,12,12D,2024-11-20,80,79,82,78,76,75,80,73,75,72,B
5028,Liang Wei,9,9D,2024-11-20,75,74,73,71,78,72,75,79,76,80,B
6546,Kim Seo-Yeon,11,11C,2024-11-20,70,71,72,75,74,79,78,73,74,76,C
2784,Nguyen Thi Hanh,10,10D,2024-11-20,74,73,71,70,75,72,78,76,79,74,B
3884,Yamada Hiroshi,8,8C,2024-11-20,78,80,76,79,77,78,74,72,75,80,A
3906,Nguyen Tuan,12,12E,2024-11-20,81,79,78,82,76,75,77,73,80,76,B
3928,Sopheap Dara,10,10E,2024-11-20,75,76,72,78,73,74,76,71,72,74,B
31034,Olivia Gonzalez,11,11D,2024-11-20,78,73,72,74,75,70,79,76,74,71,B
5666,Kim Min-Soo,8,8D,2024-11-20,75,74,72,79,77,73,74,72,76,78,B
32310,Amelia King,9,9E,2024-11-20,70,71,74,72,75,77,74,70,72,73,C
32332,William Martinez,10,10F,2024-11-20,80,82,76,74,78,73,71,72,79,80,A
32354,Victoria Carter,8,8E,2024-11-20,73,75,78,70,74,72,76,71,73,75,B
15003,Kasumi Yamaguchi,9,9F,2024-11-20,76,79,74,75,78,80,76,73,72,75,B
32442,Daniel Evans,8,8F,2024-11-20,70,72,75,76,77,74,72,70,76,72,B
5600,Chan Srey,12,12F,2024-11-20,80,82,75,74,77,79,80,72,76,73,A
5622,Yamada Kenji,10,10G,2024-11-20,77,78,79,75,74,70,72,80,77,78,B
6524,Nguyen Thi An,12,12G,2024-11-20,76,79,80,77,78,72,75,73,70,76,B
5644,Nguyen Thi Quynh,8,8G,2024-11-20,80,74,78,73,75,74,71,79,75,80,A
3730,Wu Xin,11,11E,2024-11-20,70,74,76,72,78,70,79,73,71,75,C
32376,Noah Martinez,9,9H,2024-11-20,72,73,74,75,78,80,72,70,75,79,B
3818,Chan Srey,12,12H,2024-11-20,77,76,80,79,81,75,74,72,70,74,B
32926,Lucas Carter,11,11F,2024-11-20,75,77,79,72,74,75,78,80,76,73,B
1745,In Ho-Seok,9,9I,2024-11-20,72,71,75,76,74,77,78,73,80,75,B
7052,Nguyen Van Tai,12,12I,2024-11-20,80,79,77,76,78,81,80,79,72,75,A
32552,Grace Martin,8,8H,2024-11-20,79,78,80,76,75,74,77,70,72,74,A
2332,Kim Sa-Rang,10,10I,2024-11-20,76,72,78,77,79,75,74,73,71,76,B
7712,Lee Ji-Eun,12,12J,2024-11-20,81,83,77,75,79,74,80,78,76,77,A
9914,Chan Thyda,12,12J,2024-11-20,78,75,80,82,79,80,77,73,75,74,B
35236,Scarlett Young,9,9I,2024-11-20,72,75,77,74,73,71,78,79,74,76,B
6502,Yamada Kenji,8,8H,2024-11-20,75,73,72,70,74,71,72,77,76,78,B
35258,David Harris,12,12K,2024-11-20,80,81,79,82,75,77,76,80,78,74,A
35280,Isla Anderson,9,9J,2024-11-20,79,76,77,73,74,72,80,75,76,77,B
35302,Jack Baker,10,10A,2024-11-20,74,72,71,75,78,79,73,76,74,70,B
35324,Victoria Gonzalez,8,8I,2024-11-20,78,77,76,74,75,78,74,72,71,73,B
35346,Benjamin Carter,12,12L,2024-11-20,83,79,80,76,75,79,78,80,77,79,A
35368,Amelia Scott,10,10B,2024-11-20,71,74,72,70,77,75,79,76,74,75,C
32904,Evelyn Hill,8,8J,2024-11-20,72,70,74,77,75,73,74,70,78,75,B
35390,Henry Wright,11,11A,2024-11-20,80,81,79,82,75,77,76,73,75,74,A
35412,Evelyn Kim,10,10C,2024-11-20,74,75,73,74,78,77,75,79,74,72,B
35434,Alexander Martinez,9,9K,2024-11-20,72,75,74,70,73,76,78,72,74,71,B
35456,Grace Brown,12,12M,2024-11-20,81,79,78,77,75,78,80,72,74,75,A
4962,Kim Ji-Won,11,11B,2024-11-20,79,80,77,78,76,74,72,71,73,75,B
35478,Lucas Hernandez,8,8K,2024-11-20,70,74,75,76,77,72,79,73,71,75,B
2354,Nguyen Minh,9,9L,2024-11-20,76,72,74,78,75,77,79,74,72,80,B
1625,Song Tae-Woo,10,10D,2024-11-20,78,75,73,72,71,77,76,74,79,73,B
2410,Lee Ji-Eun,8,8L,2024-11-20,79,80,72,74,75,78,77,72,75,76,A
32574,Lucas Anderson,12,12A,2024-11-20,80,81,77,79,75,74,73,72,76,78,A
32596,Amelia Brown,9,9A,2024-11-20,75,78,77,72,74,73,75,76,79,78,B
32618,Ethan Adams,12,12B,2024-11-20,76,74,78,77,75,80,79,73,72,74,B
32684,Emily Taylor,8,8M,2024-11-20,78,75,73,72,77,74,72,70,73,74,B
32706,William Harris,9,9B,2024-11-20,73,72,75,78,74,76,77,71,73,76,C
32728,Madison Lewis,12,12C,2024-11-20,79,78,80,75,77,76,79,73,71,75,A
32750,James Robinson,10,10E,2024-11-20,74,75,77,76,72,73,78,75,76,79,B
4016,Kim Seong-Jin,11,11C,2024-11-20,75,74,72,79,74,76,78,73,71,79,C
3994,Nguyen Van Binh,9,9D,2024-11-20,74,73,72,70,75,78,77,73,79,74,B
4060,Sokha Chetra,12,12D,2024-11-20,79,78,80,81,76,73,75,74,72,70,A
4082,Li Chun,8,8N,2024-11-20,75,74,79,76,80,71,73,70,72,77,B
4104,Yamashita Haru,10,10F,2024-11-20,72,76,74,75,73,79,77,70,71,75,B
4126,Nguyen Thanh,12,12E,2024-11-20,78,80,75,77,73,79,74,72,71,70,B
4148,Jeong Soo-Min,9,9F,2024-11-20,74,72,75,77,78,76,75,71,79,74,B
4170,Chanthy Sreypov,11,11D,2024-11-20,77,75,79,80,78,73,75,71,76,78,B
4192,Wong Heng,8,8O,2024-11-20,76,75,72,74,78,70,79,73,75,71,B
32046,Emily Evans,12,12F,2024-11-20,80,81,79,77,75,73,74,78,72,70,A
4214,Kim Soo-Jin,9,9G,2024-11-20,75,77,72,74,73,80,75,73,72,71,B
8220,Nguyen Thi Tuyet,8,8P,2024-11-20,78,79,75,73,72,76,74,75,70,74,A
7536,Nguyen Van Thanh,12,12G,2024-11-20,80,79,78,75,77,74,72,76,73,75,A
32112,Olivia White,9,9H,2024-11-20,77,76,73,75,76,78,75,74,79,80,B
4566,Wong Chea,8,8A,2024-11-20,75,80,78,70,76,82,79,77,74,81,B
4588,Chan Veasna,8,8A,2024-11-20,74,79,76,80,75,77,82,78,73,72,B
4830,Kim Hye-Jin,8,8A,2024-11-20,80,77,79,76,81,74,75,73,78,80,A
4852,Chan Sovann,8,8B,2024-11-20,70,74,72,75,78,80,79,73,76,77,B
6458,Nguyen Van Tai,8,8B,2024-11-20,78,79,77,72,75,74,80,73,81,79,A
7844,Chan Roth,8,8B,2024-11-20,75,80,79,77,74,76,72,73,78,79,B
6480,Wong Manh,8,8B,2024-11-20,73,74,78,79,75,70,77,76,80,72,B
30792,Liam Ramirez,8,8C,2024-11-20,76,75,74,77,80,79,78,72,75,70,A
30814,Isla Stewart,8,8C,2024-11-20,79,72,74,80,78,77,73,79,80,76,B
4940,Chan Dara,8,8C,2024-11-20,77,74,75,78,79,80,76,72,79,81,A
33850,Madison King,9,9A,2024-11-20,80,75,72,74,73,76,78,79,74,72,B
32200,Chloe Adams,9,9A,2024-11-20,77,76,74,73,75,72,78,80,79,76,A
3576,Sophea Mealea,9,9A,2024-11-20,72,70,75,78,79,74,73,77,80,79,B
1467,Yamada Aoi,9,9A,2024-11-20,75,74,72,76,73,80,79,78,77,74,B
30880,Logan Clark,9,9A,2024-11-20,76,75,74,73,80,79,78,72,77,79,A
23752,Yuuki Wada,9,9A,2024-11-20,72,75,76,78,73,79,77,80,74,74,B
30902,Emily Young,9,9B,2024-11-20,75,77,74,80,78,79,79,74,72,75,B
30924,Ethan Martinez,9,9B,2024-11-20,79,74,76,77,72,75,73,70,79,80,A
30968,John Turner,9,9B,2024-11-20,80,79,75,74,78,77,72,73,75,79,A
6568,Chan Thyda,9,9B,2024-11-20,76,73,75,78,79,76,72,80,77,74,B
33872,David Robinson,10,10A,2024-11-20,78,74,79,77,76,75,72,74,76,80,B
33894,Ella Walker,10,10A,2024-11-20,75,79,77,72,74,80,79,76,74,75,A
33916,Benjamin Perez,10,10A,2024-11-20,79,78,76,75,72,80,77,73,74,70,B
33938,Ava Thompson,10,10A,2024-11-20,77,75,73,74,79,78,76,72,70,79,A
33960,Oliver Hill,10,10A,2024-11-20,75,76,74,78,72,79,77,80,70,75,B
33982,Mia Adams,10,10A,2024-11-20,74,78,76,75,80,79,77,72,70,75,B
34004,James Allen,10,10B,2024-11-20,77,72,75,73,79,78,74,80,76,74,A
34026,Grace Parker,10,10B,2024-11-20,72,76,79,74,75,78,77,73,70,80,B
30836,Daniel Jackson,10,10B,2024-11-20,80,77,75,78,73,72,79,76,75,79,A
8418,Yamashita Aoi,10,10B,2024-11-20,79,75,77,74,76,73,75,70,72,78,B
8440,Nguyen Van An,11,11A,2024-11-20,80,76,78,74,75,77,73,79,76,78,A
34774,Lucas Anderson,11,11A,2024-11-20,74,75,78,79,77,73,75,70,72,79,B
33256,Henry Adams,11,11A,2024-11-20,76,77,74,73,78,75,79,72,76,80,A
4720,Sokha Chantrea,11,11A,2024-11-20,75,74,72,76,73,80,79,78,77,74,B
8484,Chan Thyda,11,11B,2024-11-20,74,72,75,78,73,79,77,72,76,80,A
3554,Kim Na-Ri,11,11B,2024-11-20,79,80,75,73,78,77,72,76,75,73,B
17503,Issei Okada,11,11B,2024-11-20,76,78,79,75,74,72,80,79,77,78,A
7956,Yamamoto Haruto,11,11B,2024-11-20,77,76,72,75,74,78,80,77,73,79,B
5446,Yamamoto Haruto,11,11B,2024-11-20,75,76,74,78,79,73,72,76,75,74,A
9716,Nguyen Van Binh,12,12A,2024-11-20,80,76,78,75,73,72,74,79,77,75,B
9738,Jeong Sang-Hoon,8,8A,2024-11-20,75,78,79,76,77,74,80,75,79,72,B
1632,Yamamoto Ayumu,8,8A,2024-11-20,78,76,74,75,79,73,80,72,77,74,A
9760,Chan Sreyka,8,8A,2024-11-20,80,75,79,72,73,77,74,79,76,75,B
9782,Nguyen Thi Hoa,8,8A,2024-11-20,74,72,76,78,75,79,73,70,80,78,B
4918,Nguyen Thi An,8,8B,2024-11-20,77,75,74,73,80,78,79,72,75,76,A
7822,Kim Min-Ji,8,8B,2024-11-20,79,72,75,77,76,74,80,70,79,78,B
9804,Kim Hye-Jin,8,8B,2024-11-20,76,77,74,72,75,79,80,78,73,74,A
3862,Phan Thuy,8,8B,2024-11-20,74,75,78,73,76,80,79,70,79,77,B
7404,Chan Sreyka,8,8C,2024-11-20,75,79,76,73,80,74,77,72,78,76,A
33542,Emily Martinez,8,8C,2024-11-20,77,74,79,76,78,75,72,73,80,79,B
7426,Wu Wei,8,8C,2024-11-20,79,75,78,73,77,79,72,76,80,73,B
33454,Ella Young,8,8C,2024-11-20,75,74,73,80,72,79,77,76,78,74,A
6634,Nguyen Thi Mai,8,8C,2024-11-20,78,75,74,79,76,80,77,73,72,75,A
6656,Yamashita Ren,8,8C,2024-11-20,79,72,77,76,74,75,79,73,80,78,B
6678,Lee Hyun,8,8C,2024-11-20,80,79,74,77,76,72,79,75,73,74,A
7778,Nguyen Van Tai,8,8D,2024-11-20,75,74,72,77,79,80,73,75,70,76,B
1700,Nguyen Thi Thanh,8,8D,2024-11-20,74,76,77,73,75,72,79,78,70,75,A
4896,Yamada Yui,8,8D,2024-11-20,72,75,74,78,80,77,79,73,70,79,B
6964,Chan Thyda,8,8D,2024-11-20,75,73,74,79,76,72,75,80,77,74,A
3796,Kim Dong-Hyun,8,8D,2024-11-20,74,79,77,75,73,80,72,76,77,78,B
33784,Ethan Taylor,8,8D,2024-11-20,79,80,76,74,78,75,77,72,75,73,B
33806,Chloe Lee,8,8E,2024-11-20,76,77,74,72,79,75,78,74,73,80,A
33828,Liam Harris,8,8E,2024-11-20,75,74,79,78,72,73,80,77,74,79,B
8132,Yamashita Aoi,8,8E,2024-11-20,74,77,73,79,78,75,72,76,80,74,A
8154,Nguyen Van An,8,8E,2024-11-20,78,75,79,77,74,76,80,73,72,79,B
35214,Oliver Walker,8,8F,2024-11-20,73,79,76,74,75,78,80,72,77,75,A
9254,Wong Cheng,8,8F,2024-11-20,75,76,73,79,72,80,77,74,76,72,B
11252,Mizuki Suzuki,8,8F,2024-11-20,77,74,75,80,78,79,74,76,72,75,B
8242,Kim Min-Soo,8,8F,2024-11-20,76,75,74,72,73,79,77,74,75,78,A
9276,Yamashita Aoi,8,8F,2024-11-20,79,72,75,80,74,77,76,75,73,80,B
9276,Yamashita Aoi,8,8F,2024-11-20,77,74,78,79,73,75,72,74,76,78,B
6392,Wong Heng,8,8G,2024-11-20,75,79,77,72,76,78,79,80,74,76,A
6084,Wu Mei,8,8G,2024-11-20,80,74,75,77,79,72,73,74,72,79,B
9298,Nguyen Van An,8,8G,2024-11-20,76,77,74,75,79,72,74,78,77,79,B
3774,Nguyen Thi Tuyet,8,8G,2024-11-20,75,74,78,73,76,77,79,72,75,70,A
3620,Nguyen Thi Ngoc,8,8G,2024-11-20,80,76,74,79,73,78,75,70,79,76,A
3356,Chan Vibol,8,8H,2024-11-20,79,72,76,74,73,77,75,80,79,78,A
7978,Chen Wei,8,8H,2024-11-20,74,78,76,75,77,79,72,70,80,72,B
1443,Sim Cheng,8,8H,2024-11-20,72,75,78,74,80,76,73,79,77,75,A
3378,Jeong Hwa,8,8H,2024-11-20,75,79,76,73,74,72,78,75,76,79,B
3400,Wu Jian,8,8A,2024-11-20,76,75,79,74,77,80,73,72,75,79,B
1489,Chau Minh,8,8A,2024-11-20,78,74,73,75,72,77,80,79,74,76,A
3422,Yoshida Aki,8,8A,2024-11-20,75,79,77,72,74,76,79,73,75,80,B
3444,Sokun Sokea,8,8A,2024-11-20,76,72,75,79,74,77,76,73,72,79,A
31716,Amelia Johnson,8,8B,2024-11-20,79,74,80,73,75,77,78,76,72,74,B
34928,Grace Hernandez,8,8B,2024-11-20,80,75,77,79,72,73,78,76,75,74,A
32222,Jack Mitchell,8,8B,2024-11-20,74,76,75,80,77,72,74,79,76,78,B
9408,Yamamoto Haruto,8,8B,2024-11-20,78,75,74,77,76,72,79,73,80,75,A
22503,Yuna Fujikawa,8,8C,2024-11-20,74,76,72,78,77,73,80,75,74,79,B
9430,Nguyen Van Binh,8,8C,2024-11-20,76,79,77,75,73,80,78,74,79,75,B
35566,James King,8,8C,2024-11-20,78,76,75,72,74,77,76,73,78,75,A
33476,Joseph Brown,8,8C,2024-11-20,73,74,79,77,76,80,72,75,79,77,B
6062,Chan Sreypov,8,8D,2024-11-20,75,72,78,77,80,74,79,76,73,79,A
5468,Nguyen Thi Mai,8,8D,2024-11-20,77,75,74,79,73,72,80,76,77,79,A
3510,Chan Munny,8,8D,2024-11-20,76,75,77,79,78,80,73,72,75,74,B
4478,Jeong Hyun,8,8D,2024-11-20,74,73,78,75,77,74,79,76,73,75,A
34136,Amelia Garcia,8,8D,2024-11-20,75,74,79,72,78,76,73,75,80,79,A
3532,Lee Dae-Sung,8,8E,2024-11-20,80,73,77,79,74,75,76,72,78,74,B
5974,Liang Wei,8,8E,2024-11-20,79,72,76,75,74,79,77,78,74,76,A
32134,Benjamin Young,8,8E,2024-11-20,75,80,74,77,73,75,79,76,78,72,A
5996,Yamada Sora,8,8E,2024-11-20,74,76,79,80,72,74,75,77,73,79,B
3642,Sara Phally,8,8F,2024-11-20,76,74,73,75,79,72,80,77,74,79,A
1387,Thy Nary,8,8F,2024-11-20,75,77,74,76,72,75,79,80,73,74,A
31144,Chloe Lewis,8,8F,2024-11-20,78,74,75,79,77,73,75,80,72,79,A
33564,Liam Allen,8,8F,2024-11-20,79,76,72,78,74,77,75,73,79,80,B
6040,Kim Hye-Jin,8,8F,2024-11-20,76,78,77,74,72,80,75,79,78,76,A
15002,Ayane Nitta,8,8F,2024-11-20,75,79,72,77,78,74,76,73,80,79,B
1790,Han Min-Ji,8,8G,2024-11-20,77,75,74,79,76,72,80,74,73,75,A
8022,Jeong Sang-Hoon,8,8G,2024-11-20,79,77,72,75,76,74,73,78,79,74,A
31166,Liam King,8,8G,2024-11-20,74,79,80,75,72,76,77,78,75,73,A
31188,Emma Allen,8,8G,2024-11-20,78,74,75,77,79,72,73,74,80,75,A
31496,Sophia Hernandez,8,8H,2024-11-20,75,76,72,79,74,80,73,75,77,78,B
31518,Henry Martinez,8,8H,2024-11-20,79,74,72,78,76,80,75,77,73,74,A
33520,Daniel Carter,8,8H,2024-11-20,77,75,74,72,78,79,75,80,74,73,B
31540,Victoria Wilson,8,8H,2024-11-20,79,73,75,74,76,72,77,79,80,73,A
8638,Nguyen Thi Hoa,8,8H,2024-11-20,75,74,79,73,78,72,80,75,74,77,A
31562,Benjamin Hill,8,8I,2024-11-20,76,75,74,79,77,72,75,78,72,79,B
31584,Emma Taylor,8,8I,2024-11-20,77,79,72,75,76,74,73,72,79,80,A
31606,Lucas Adams,8,8I,2024-11-11,80,76,74,75,72,78,79,74,76,80,A
33652,Mason Evans,8,8I,2024-11-20,74,78,79,77,75,72,80,73,74,78,B
6018,Nguyen Thi Hanh,8,8A,2024-11-20,76,73,75,74,78,72,79,80,75,79,B
31628,Charlotte Anderson,8,8A,2024-11-20,75,76,72,73,78,74,80,79,77,72,A
30528,Matthew Young,8,8A,2024-11-20,79,75,74,77,73,72,78,76,74,80,B
23751,Shinji Shimizu,8,8A,2024-11-20,77,79,75,72,80,74,73,76,79,78,A
32530,Jacob Baker,8,8B,2024-11-20,74,77,73,78,79,72,76,80,75,74,B
31650,Oliver Wilson,8,8B,2024-11-20,76,78,75,79,74,77,76,73,72,75,A
31672,Grace Baker,8,8B,2024-11-20,78,75,79,76,72,74,77,73,74,79,B
31694,Henry Martinez,8,8C,2024-11-20,74,76,75,79,77,73,75,72,79,74,B
32420,Scarlett Wilson,8,8C,2024-11-20,75,74,78,79,73,75,80,74,76,73,A
30638,Grace Martinez,8,8C,2024-11-20,72,75,78,74,73,79,74,76,80,77,A
4412,Chan Sreyka,8,8C,2024-11-20,77,73,79,75,72,80,74,76,77,74,A
1465,Chau Minh,8,8D,2024-11-20,79,76,75,78,74,80,72,79,74,75,A
8572,Nguyen Van Binh,8,8D,2024-11-20,74,76,79,75,72,73,74,80,75,79,B
8594,Jeong Sang-Hoon,8,8D,2024-11-20,80,77,74,73,79,75,72,74,76,75,A
3334,Pham Bao,8,8D,2024-11-20,77,75,72,79,74,76,73,78,75,80,B
7294,Chan Thyda,8,8E,2024-11-20,74,75,77,79,76,72,76,73,74,78,A
9672,Kim Min-Soo,8,8E,2024-11-20,73,76,74,78,77,75,74,72,79,80,B
9122,Yamamoto Haruto,8,8E,2024-11-20,79,76,75,77,80,74,73,75,79,76,A
1500,Priya Phally,8,8E,2024-11-20,74,79,75,73,72,77,80,74,72,75,A
9694,Yamamoto Haruto,8,8F,2024-11-20,76,72,75,79,77,74,72,76,80,75,B
32090,Henry Brown,8,8F,2024-11-20,79,73,74,75,76,72,74,79,80,78,A
12502,Sayaka Mori,8,8F,2024-11-20,74,80,79,75,76,74,72,77,79,76,B
4610,Yamamoto Shun,8,8F,2024-11-20,73,75,74,79,78,74,77,76,80,72,A
31122,Henry Hernandez,8,8F,2024-11-20,74,72,75,79,77,74,76,80,75,73,A
9452,Jeong Sang-Hoon,8,8F,2024-11-20,76,73,74,75,72,77,78,80,74,73,B
32398,Amelia Hill,8,8G,2024-11-20,75,76,74,79,78,74,72,73,75,79,A
9496,Nguyen Thi Hoa,8,8G,2024-11-20,79,76,75,72,77,74,78,80,75,73,A
9518,Kim Hye-Jin,8,8G,2024-11-20,78,74,76,73,77,75,74,72,80,79,B
3312,Chea Vuth,8,8G,2024-11-20,74,75,73,79,77,74,72,80,75,79,A
9540,Wong Cheng,8,8G,2024-11-20,77,75,76,72,74,79,80,73,78,74,A
9562,Yamashita Aoi,8,8H,2024-11-20,74,77,75,78,73,74,76,75,79,76,B
32002,Sofia Hernandez,8,8H,2024-11-20,77,72,75,79,74,80,76,78,73,72,A
34180,Isabella Lee,8,8H,2024-11-20,78,75,76,74,79,72,74,73,75,72,B
7800,Yamashita Hana,8,8H,2024-11-20,79,73,75,72,80,74,79,75,72,76,A
4654,Jeong Soo-Jin,8,8H,2024-11-20,75,77,74,72,76,79,73,74,80,78,B
4676,Chan Roth,8,8H,2024-11-20,77,75,74,79,76,80,72,73,74,77,B
31914,Samuel Taylor,8,8I,2024-11-20,73,74,77,79,75,76,72,79,80,73,A
3840,Wu Mei,8,8I,2024-11-20,74,77,72,75,76,79,73,74,80,78,B
1521,Kem Srey,8,8I,2024-11-20,78,75,74,79,72,76,77,75,80,72,A
5578,Pham Thi Mai,8,8I,2024-11-20,77,74,75,72,78,74,79,73,76,79,A
17502,12,12A,2012-11-08,87,92,85,78,80,89,91,82,84,86,B
31936,12,12B,2012-09-22,90,88,86,92,85,80,83,87,91,79,A
31958,11,11C,2009-11-21,75,77,80,74,78,81,79,82,80,76,C
31980,11,11D,2008-07-30,82,85,84,83,79,88,80,86,89,81,B
9144,12,12E,2012-04-28,64,70,66,69,73,72,70,71,69,65,D
9606,11,11F,2009-06-21,89,91,87,90,84,83,88,92,80,85,A
9628,10,10A,2007-09-27,72,75,74,70,68,80,71,73,69,72,C
9650,10,10B,2010-07-18,80,82,79,83,85,86,88,90,84,80,B
4698,10,10C,2010-12-14,77,79,72,75,80,74,75,70,68,76,C
9188,11,11D,2007-08-19,93,95,92,88,85,89,84,82,81,80,A
35192,10,10E,2007-12-15,88,87,85,90,80,82,81,83,79,85,B
9210,10,10F,2011-05-25,79,80,81,74,75,78,72,77,74,73,C
34884,12,12G,2012-02-05,85,83,82,88,87,89,90,86,80,85,B
5556,12,12H,2007-01-20,70,75,72,68,76,71,70,69,75,72,D
9474,12,12I,2010-08-18,78,80,79,75,74,73,78,77,76,81,C
1403,11,11J,2008-09-18,92,94,95,91,88,89,84,87,92,83,A
32178,12,12K,2012-03-20,82,81,80,79,77,84,86,83,78,80,B
18752,10,10L,2009-06-04,70,72,75,69,74,77,76,74,71,73,C
9100,10,10A,2008-07-23,85,89,82,87,85,90,88,80,86,81,B
5908,11,11B,2009-04-30,75,79,77,70,68,72,80,74,77,78,C
8066,10,10C,2008-03-17,81,82,84,85,83,76,79,75,74,78,B
3070,10,10D,2009-02-15,77,76,78,74,80,72,75,79,80,75,C
31738,11,11E,2009-06-02,86,84,80,81,83,80,89,86,84,87,B
31804,12,12F,2012-03-17,88,85,87,86,90,84,81,79,83,82,B
31826,11,11G,2011-02-14,82,79,75,78,80,79,80,83,77,78,C
31848,12,12H,2009-08-23,95,93,89,92,91,93,86,89,90,88,A
31870,11,11I,2008-05-21,87,84,80,79,88,85,91,83,80,82,B
5534,11,11J,2011-09-18,76,79,73,74,72,71,75,70,68,74,C
31892,10,10K,2010-01-29,82,81,85,80,79,87,86,83,84,82,B
4632,12,12L,2012-08-11,65,69,72,74,68,70,65,71,72,68,D
2960,12,12A,2012-03-31,77,79,75,80,81,79,76,78,74,73,C
3136,10,10B,2010-12-07,81,80,79,83,75,78,77,76,79,80,B
35148,12,12C,2012-09-16,90,89,85,87,88,85,91,83,82,84,A
32882,11,11D,2010-04-21,79,80,76,78,75,74,80,79,78,77,C
5952,12,12E,2012-03-25,68,71,70,67,69,68,73,74,72,70,D
7250,10,10F,2010-12-23,83,82,86,79,80,81,84,77,75,76,B
7272,12,12G,2012-05-09,75,74,79,78,81,79,80,77,76,75,C
7338,11,11H,2010-03-19,87,86,88,91,83,79,80,78,79,84,B
9936,12,12I,2012-02-23,74,77,79,72,75,74,76,73,78,79,C
31210,12,12J,2009-12-18,83,82,80,79,77,75,73,72,76,70,B
3158,11,11A,2007-05-22,79,82,81,75,74,77,80,79,77,78,C
25610,10,10B,2008-06-07,84,88,85,87,89,91,90,92,87,86,B
3092,12,12C,2012-01-12,80,79,82,84,83,80,75,79,80,78,C
31232,11,11D,2008-07-11,72,70,74,78,77,76,75,73,72,71,C
31254,12,12E,2012-01-20,85,87,89,91,86,88,85,83,84,80,B
1445,11,11F,2007-11-22,90,92,95,93,88,85,89,87,90,88,A
34730,10,10G,2010-06-12,78,81,79,80,75,77,82,79,76,75,C
31276,11,11H,2011-03-29,85,84,87,82,90,83,89,84,87,88,B
7448,12,12I,2012-03-23,78,80,82,81,77,75,79,78,74,73,C
6128,12,12J,2011-03-07,75,74,73,72,71,75,70,68,71,70,D
9386,11,11K,2009-05-18,91,88,92,90,93,89,91,85,90,87,A
8264,10,10L,2010-12-21,79,76,80,78,79,83,81,80,79,76,C
6150,11,11A,2007-11-04,88,84,85,87,81,79,82,85,86,83,B
7316,11,11B,2009-09-05,84,87,89,90,80,79,81,83,80,82,B
2850,12,12C,2010-10-01,72,74,73,70,75,76,74,72,70,69,D
8616,12,12D,2012-08-20,90,92,95,93,88,91,89,90,92,87,A
6172,10,10E,2009-12-16,77,80,79,81,83,75,79,77,74,75,C
34114,10,10F,2008-08-21,91,90,88,85,87,86,84,90,92,89,A
6194,12,12G,2010-02-08,82,83,81,78,79,80,81,79,78,77,B
7074,11,11H,2011-08-03,80,82,84,79,76,74,73,75,74,76,C
7096,10,10A,2007-10-22,89,87,85,90,93,91,89,88,91,87,A
9584,12,12B,2012-11-24,75,78,76,79,75,74,73,76,72,74,D
7624,11,11C,2008-02-17,83,85,84,82,81,88,90,83,81,79,B
7646,12,12D,2011-07-21,86,85,87,89,90,91,88,92,89,88,B
7668,11,11E,2009-10-18,90,88,87,84,85,89,88,90,91,92,A
2564,12,12F,2011-02-28,72,75,74,73,78,80,77,79,75,76,C
7866,12,12G,2009-08-21,91,90,89,86,83,80,87,82,85,84,A
34092,12,12H,2011-07-25,85,87,83,85,84,88,80,82,81,80,B
8198,12,12I,2008-09-15,77,74,73,72,70,74,72,73,76,75,C
30000,11,11J,2008-05-15,90,92,89,85,87,86,85,83,80,84,A
9012,10,10K,2008-05-30,83,85,86,81,78,79,77,76,75,78,B
9056,12,12L,2012-02-11,75,73,78,76,79,74,77,75,72,73,C
30022,12,12A,2009-07-23,86,88,90,83,81,79,75,80,83,82,B
11251,12,12B,2011-03-11,84,85,87,88,85,89,90,91,87,86,B
31100,10,10C,2012-05-27,79,82,85,84,86,80,78,79,81,77,C
7934,10,10D,2008-08-12,88,89,90,91,90,85,83,87,82,84,A
30044,11,11E,2011-11-19,80,78,79,76,74,75,74,78,77,75,C
30066,10,10F,2010-02-10,84,81,79,82,80,83,80,79,78,81,B
34818,11,11A,2009-04-11,89,91,92,90,89,87,84,85,88,83,A
30088,12,12B,2007-09-25,90,91,89,88,87,85,83,82,80,79,A
2542,10,10A,2007-06-14,83,85,81,87,89,90,88,82,80,85,B
1329,12,12B,2009-12-15,75,78,80,74,72,73,75,74,76,78,C
9892,10,10C,2010-07-27,84,86,88,89,87,85,90,91,83,84,B
35104,12,12D,2010-11-02,89,88,91,90,87,86,89,85,84,83,A
30110,12,12E,2012-08-12,82,80,78,76,79,81,83,80,78,77,B
30132,12,12F,2011-04-06,90,89,85,84,87,85,86,88,82,81,A
30154,11,11G,2009-03-18,77,74,76,75,79,80,81,83,82,80,C
8990,12,12H,2011-03-28,84,85,87,88,89,90,85,83,84,86,B
30176,11,11I,2008-12-29,81,83,82,84,85,84,87,86,83,85,B
30198,10,10J,2012-07-14,88,87,86,83,81,80,82,79,78,77,C
30220,12,12K,2007-11-20,91,90,89,88,85,83,84,86,83,87,A
30242,11,11L,2010-10-13,84,87,85,83,82,84,79,80,76,75,B
26251,12,12A,2007-05-30,79,81,82,79,80,83,81,83,80,78,C
3752,12,12B,2012-01-02,85,84,83,80,82,80,83,81,84,85,B
9034,11,11C,2007-06-21,76,75,78,79,81,80,82,80,83,84,C
30264,10,10D,2008-09-02,87,88,86,84,85,86,84,83,81,82,B
2290,12,12E,2009-09-19,80,78,79,80,81,79,77,75,74,76,C
30286,11,11F,2012-05-25,90,92,91,89,88,87,90,89,85,84,A
30308,11,11G,2011-06-09,82,81,83,80,79,78,80,78,79,76,C
30330,10,10H,2007-08-07,91,89,88,90,91,92,94,88,85,87,A
1543,12,12I,2009-06-24,81,83,82,84,85,86,83,81,80,79,B
8968,11,11J,2009-08-15,78,77,79,80,81,83,80,82,79,80,C
30352,10,10K,2010-12-17,85,88,90,86,83,84,87,88,82,80,B
35170,11,11L,2009-05-25,80,81,79,83,78,79,80,81,77,78,C
30374,10,10A,2009-02-13,91,92,94,92,88,85,83,87,84,86,A
30396,12,12B,2012-01-22,75,77,76,79,80,81,79,78,77,75,C
30418,11,11C,2008-03-26,87,85,84,82,80,82,83,84,81,80,B
30440,12,12D,2010-05-28,83,84,86,85,87,88,89,90,86,87,B
7602,11,11E,2010-11-01,79,80,82,84,83,79,78,76,75,77,C
30462,12,12F,2007-10-01,85,86,89,90,88,87,84,83,85,82,A
2267,12,12G,2007-11-22,90,89,91,90,88,89,87,86,88,84,A
35764,11,11H,2009-08-13,77,75,78,80,81,80,79,78,76,74,C
2245,11,11I,2011-03-26,82,84,86,85,87,88,90,89,86,83,B
2740,12,12J,2011-03-23,83,80,79,78,80,82,81,80,79,77,C
2762,12,12K,2008-01-29,90,92,93,91,89,87,88,85,84,86,A
1678,11,11L,2011-07-29,84,86,87,88,89,90,91,92,88,87,B
2894,11,11A,2011-02-17,81,83,82,80,79,78,75,74,77,75,C
21251,12,12B,2012-07-23,85,88,90,87,84,85,87,85,84,82,A
1023,10,10C,2009-04-25,89,91,90,92,88,85,84,82,83,81,A
2806,12,12D,2012-09-14,82,85,86,83,84,83,85,88,87,85,B
2376,10,10A,2011-10-12,81,82,84,79,77,80,79,81,78,77,B
2398,12,12B,2007-08-09,83,85,80,81,82,80,81,80,79,78,B
2156,10,10C,2008-02-28,79,81,78,77,79,80,82,80,76,75,C
32772,11,11D,2010-12-02,85,88,86,87,85,84,83,82,81,83,A
2178,10,10E,2012-03-02,80,79,81,82,83,84,79,76,75,77,B
7492,12,12F,2007-07-28,86,84,82,83,80,79,77,78,79,77,C
7514,12,12G,2010-10-12,89,91,93,90,89,88,86,85,83,84,A
6216,10,10H,2011-06-25,78,80,79,78,77,76,75,77,75,74,C
4258,12,12I,2012-02-27,80,82,83,84,85,84,85,82,81,80,B
6238,12,12J,2008-04-13,87,85,88,89,91,90,89,88,86,85,A
1487,12,12K,2011-05-30,81,79,82,83,85,84,83,82,80,79,B
6260,10,10L,2012-01-20,90,88,89,87,86,85,82,80,81,79,A
6282,10,10M,2010-09-10,79,77,78,80,79,80,83,84,81,80,B
6304,12,12N,2007-03-15,91,92,93,94,92,90,89,88,87,89,A
6326,10,10O,2011-08-12,75,76,78,79,77,75,74,76,75,73,C
13752,12,12P,2007-09-05,82,80,81,84,85,87,86,83,85,84,B
6348,12,12Q,2008-02-19,80,82,80,78,79,81,82,80,77,76,C
1134,11,11R,2009-07-29,81,80,82,83,81,79,77,75,74,73,B
2134,12,12S,2007-10-24,90,89,88,87,86,85,84,83,84,83,A
3048,10,10T,2011-04-19,77,78,79,80,81,79,80,82,83,82,B
2112,11,11U,2011-12-12,88,90,92,94,93,89,88,85,84,82,A
2432,10,10V,2012-07-06,79,77,76,80,81,80,82,83,84,85,C
30572,11,11W,2010-11-02,85,87,86,88,89,90,87,85,84,82,A
2454,12,12X,2010-11-23,83,81,84,85,86,87,83,82,81,80,B
1069,12,12Y,2011-08-11,88,87,85,86,84,85,84,83,82,80,A
2982,11,11Z,2009-01-25,82,83,85,86,88,89,87,86,85,84,B
1278,12,12A,2008-03-25,79,78,80,81,83,85,84,83,80,82,C
3004,12,12B,2010-06-10,91,90,92,93,94,95,93,92,90,89,A
30484,12,12C,2012-04-13,80,81,83,84,85,86,87,88,89,88,B
1878,11,11D,2011-01-24,77,78,79,80,79,78,77,76,75,74,C
34906,10,10E,2008-11-30,84,83,85,86,85,87,89,90,88,87,A
30506,12,12F,2011-03-30,85,86,84,83,82,81,79,80,78,76,B
17501,11,11G,2010-04-12,86,87,85,84,83,81,80,79,78,77,A
31012,12,12H,2010-08-23,90,88,89,91,92,93,92,90,91,90,A
5710,10,10I,2009-07-23,84,85,83,84,81,80,79,78,77,79,B
5732,12,12J,2010-09-17,79,78,77,76,75,74,73,72,73,71,C
5050,11,11K,2011-06-12,84,85,86,83,84,82,80,81,82,81,B
1253,12,12L,2009-06-21,89,87,88,90,91,92,93,94,90,92,A
5754,12,12M,2012-05-20,78,77,79,80,81,80,79,77,76,75,C
3180,12,12N,2009-09-13,80,82,83,84,85,86,85,84,83,82,B
3202,12,12A,2011-03-02,79,81,80,82,83,81,80,79,78,77,B
3224,10,10B,2012-05-18,84,85,86,87,88,89,90,91,88,87,A
3246,10,10C,2008-07-07,77,79,80,81,82,83,81,80,79,78,C
3268,11,11D,2010-08-20,81,82,80,79,77,79,81,82,80,79,B
3290,12,12E,2009-12-01,88,89,91,90,88,86,87,85,84,82,A
8946,10,10F,2010-01-30,90,92,91,90,89,87,85,84,83,82,A
8176,12,12G,2011-06-30,79,81,83,85,84,83,82,81,79,78,B
35126,10,10H,2008-08-23,85,87,88,90,91,92,91,90,89,87,A
16252,12,12I,2011-03-17,80,82,81,79,78,80,79,78,77,75,B
9980,12,12J,2010-06-15,86,84,85,87,86,87,88,89,91,89,A
5072,10,10K,2008-05-19,77,79,78,76,75,77,79,80,81,79,C
5094,12,12L,2007-09-24,92,91,90,89,88,87,86,85,84,83,A
5116,12,12M,2010-02-27,84,86,85,86,88,89,87,85,84,83,B
35038,11,11N,2010-08-28,82,84,85,84,83,82,81,80,81,82,B
5138,12,12O,2009-03-10,79,80,81,82,83,84,85,84,83,82,C
1834,10,10P,2007-06-23,85,87,86,85,84,83,82,81,80,79,A
5160,12,12Q,2012-11-08,78,79,80,82,84,85,83,82,81,80,B
1105,12,12R,2008-12-15,90,91,89,88,87,86,84,85,84,82,A
33718,12,12S,2008-11-15,87,89,90,91,92,90,89,88,87,85,A
33674,11,11T,2009-06-22,85,87,86,88,89,87,85,84,83,82,B
34312,10,10U,2010-01-26,88,89,90,91,92,91,90,89,87,85,A
1945,12,12V,2009-08-11,81,82,83,84,85,86,85,84,83,82,B
34334,12,12W,2007-05-18,92,93,94,95,94,92,91,89,88,87,A
34356,12,12X,2011-02-12,78,79,80,81,82,81,80,79,78,77,B
34378,10,10Y,2009-07-19,85,87,86,84,83,81,80,79,78,77,A
33630,12,12Z,2007-10-05,91,90,89,88,86,85,84,83,82,80,A
8880,12,12A,2008-09-18,82,83,84,85,86,85,83,82,81,80,B
34400,12,12B,2008-12-24,79,80,81,82,84,83,82,81,79,78,C
34422,10,10C,2012-04-29,89,90,92,91,90,89,88,86,85,83,A
22502,10,10D,2009-10-09,81,80,79,78,77,76,75,74,73,72,B
34444,10,10E,2009-02-18,85,87,88,86,84,83,81,79,80,79,A
1425,11,11F,2012-04-02,90,91,90,89,88,87,86,85,84,82,A
1967,12,12G,2011-11-16,84,83,85,86,87,86,85,84,83,82,B
1990,10,10H,2008-05-14,80,81,82,80,79,78,77,76,75,74,C
3488,11,11I,2011-07-24,85,86,87,88,89,90,88,87,85,83,A
2034,10,10J,2007-12-19,78,80,79,77,76,78,79,80,81,79,C
2010,12,12K,2010-01-22,90,91,92,90,89,87,85,83,84,85,A
2056,11,11L,2012-09-09,81,80,79,78,77,76,75,74,73,72,B
2078,12,12M,2009-03-18,84,85,86,87,89,90,88,86,85,84,A
1900,11,11N,2007-09-21,86,85,84,83,82,81,80,79,78,77,A
2200,10,10A,2009-05-23,78,79,80,81,82,80,79,77,75,74,C
2090,12,12B,2010-08-25,83,85,84,82,81,80,79,78,77,75,B
2696,10,10C,2010-05-20,80,82,81,79,78,77,75,74,73,72,B
2718,12,12D,2009-08-16,87,88,89,90,91,92,91,90,89,88,A
1812,12,12E,2011-05-14,84,86,85,83,82,81,80,79,78,77,B
34466,10,10F,2011-06-14,79,81,82,83,84,85,84,83,82,80,C
5380,12,12G,2007-12-23,82,83,84,85,86,87,86,85,84,83,B
6370,11,11H,2012-05-11,91,92,91,89,88,87,85,84,83,82,A
5402,12,12I,2011-08-10,79,80,81,80,79,78,77,75,74,73,C
34994,12,12J,2012-12-11,88,89,90,91,92,91,90,89,88,86,A
1350,11,11K,2011-01-24,82,83,84,83,82,81,79,78,77,76,B
8726,10,10L,2007-05-13,90,91,92,93,92,91,90,88,87,86,A
5424,10,10M,2009-10-30,77,78,79,80,81,82,81,80,79,78,C
5490,12,12N,2008-06-17,85,86,87,88,89,88,87,85,84,82,B
3466,12,12O,2012-04-26,80,82,83,81,80,79,78,76,75,74,C
15001,12,12P,2012-01-04,88,89,90,89,88,87,86,84,83,82,A
9870,12,12Q,2009-05-21,81,82,83,84,85,83,82,81,80,78,B
4874,12,12R,2009-05-11,80,81,80,78,77,76,75,74,73,72,C
5512,11,11S,2010-04-28,82,83,84,85,86,87,86,84,83,82,B
34642,10,10T,2010-02-15,79,80,81,83,84,85,84,83,82,81,C
33608,12,12U,2010-06-19,92,93,91,89,88,87,86,85,84,82,A
1048,11,11V,2009-09-04,81,82,83,84,85,84,82,81,80,79,B
5776,12,12W,2008-02-15,77,78,79,80,81,82,81,80,79,77,C
5798,12,12X,2009-01-30,84,85,86,87,88,87,86,84,83,81,B
5820,10,10Y,2010-11-05,79,80,81,82,83,82,81,79,78,77,C
5842,12,12Z,2012-06-29,90,92,91,90,88,87,86,85,84,83,A
5864,11,11A,2007-10-11,80,81,82,83,84,83,82,80,79,78,B
5886,12,12B,2011-01-16,89,90,91,90,89,88,87,86,85,83,A
7030,10,10C,2010-01-13,81,83,84,85,86,84,83,81,80,79,B
7580,12,12D,2009-03-13,90,91,92,91,90,89,87,85,84,83,A
34686,12,12E,2007-11-29,84,85,86,87,88,89,88,87,86,85,B
9848,10,10F,2011-09-15,78,79,80,81,83,82,81,80,78,76,C
8550,11,11G,2008-01-30,85,87,86,84,83,82,81,79,78,77,B
31782,10,10H,2008-10-29,88,89,90,91,92,91,90,88,87,86,A
34708,10,10I,2012-07-23,79,80,81,82,83,84,83,82,80,79,C
31342,10,10J,2009-04-19,86,87,88,89,90,89,88,86,85,84,A
34752,12,12K,2009-03-21,87,88,89,90,91,90,89,87,86,85,A
34840,12,12L,2007-07-22,82,83,84,85,86,85,84,83,82,81,B
34862,12,12M,2010-09-18,85,86,87,88,89,88,86,85,83,82,A
9826,12,12N,2008-06-19,80,81,82,80,79,78,77,76,75,74,C
35016,12,12A,2009-06-20,79,80,81,82,83,81,80,78,77,76,C
8110,10,10B,2007-12-15,82,83,84,85,86,85,84,83,82,81,B
6414,11,11C,2010-07-26,88,89,88,86,85,84,83,82,81,80,A
6436,10,10D,2007-12-31,81,82,83,84,85,84,83,81,80,79,B
33410,11,11E,2009-03-29,90,91,90,89,88,87,86,85,84,82,A
11250,12,12F,2011-02-13,85,86,87,88,89,88,87,85,84,83,B
1923,12,12G,2012-02-04,84,85,86,87,88,87,86,85,83,82,B
6986,12,12H,2012-06-04,79,80,81,82,83,81,80,79,77,76,C
7008,12,12I,2009-03-15,83,84,85,86,87,85,84,83,82,80,B
7690,12,12J,2012-06-25,86,87,88,89,90,88,87,86,85,83,A
35500,12,12K,2009-12-26,91,92,93,92,91,90,89,88,87,85,A
35522,12,12L,2007-09-21,82,83,84,85,86,85,84,83,82,80,B
34290,10,10M,2009-10-21,90,91,92,93,94,93,92,90,89,88,A
31298,12,12N,2007-02-13,84,85,86,87,88,86,85,83,82,81,B
31320,10,10O,2010-11-21,87,88,89,90,91,90,89,88,86,85,A
1760,12,12P,2009-09-27,83,84,85,86,87,86,85,84,83,82,B
31364,12,12Q,2012-08-17,88,89,90,91,92,91,90,88,87,85,A
31386,10,10R,2008-06-10,81,82,83,84,85,84,83,81,80,79,B
1231,10,10S,2011-02-28,86,87,88,89,90,88,87,85,84,83,A
31408,12,12T,2011-09-16,79,80,81,80,79,77,76,75,74,73,C
31452,10,10U,2010-05-18,90,91,92,93,94,93,92,91,90,89,A
30990,10,10V,2008-03-14,83,84,85,86,87,86,85,84,83,81,B
31474,12,12W,2009-01-29,81,82,83,84,85,84,83,81,79,78,B
9958,12,12X,2009-08-22,87,88,89,90,91,89,88,87,86,84,A
5358,12,12Y,2010-05-17,92,93,91,90,89,88,87,86,85,83,A
3686,12,12Z,2007-10-23,79,80,81,82,83,82,81,79,78,77,C
9999,12,12A,2011-12-11,85,86,87,88,89,88,87,86,85,84,B
4808,10,10B,2008-10-29,80,81,82,83,84,83,82,81,79,78,C
7360,11,11C,2011-02-28,81,82,83,84,85,84,83,81,79,78,B
7382,12,12D,2007-10-19,87,88,89,90,91,90,89,88,87,85,A
30660,10,10E,2010-06-22,84,85,86,87,88,86,85,84,83,82,B
34268,12,12F,2012-02-11,91,92,93,92,91,90,89,88,87,85,A
34598,12,12G,2012-12-13,83,84,85,86,87,85,84,83,82,81,B
6106,12,12H,2008-07-11,80,81,82,83,84,83,82,81,79,77,C
5930,12,12I,2010-08-13,87,88,89,90,91,89,88,87,86,84,A
7470,12,12J,2009-06-08,84,85,86,87,88,86,85,83,82,81,B
35544,12,12K,2011-07-29,89,90,91,92,93,91,90,89,88,87,A
35588,10,10L,2008-10-18,81,82,83,84,85,84,83,81,80,78,B
35610,12,12M,2012-09-11,90,91,92,91,90,89,88,87,86,85,A
35632,10,10N,2009-03-22,84,85,86,87,88,87,86,85,83,82,B
35654,12,12A,2007-08-05,87,88,89,90,91,90,89,88,87,85,A
3026,12,12B,2008-08-03,80,81,82,83,84,83,82,81,79,78,B
13751,10,10C,2010-08-17,88,89,90,91,92,91,90,89,87,85,A
35676,10,10D,2011-12-25,91,92,93,94,95,94,93,92,91,89,A
35698,12,12E,2010-02-10,83,84,85,86,87,86,85,84,83,81,B
30616,12,12F,2012-09-21,79,80,81,82,83,81,80,79,77,75,C
35720,10,10G,2008-07-09,84,85,86,87,88,87,86,84,83,81,B
1856,12,12H,2009-09-27,87,88,89,90,91,90,89,87,86,84,A
8682,12,12I,2011-06-22,85,86,87,88,89,88,87,85,84,83,B
33498,12,12J,2010-07-30,92,93,94,93,92,91,90,88,87,86,A
35742,10,10K,2012-03-01,82,83,84,85,86,85,84,83,81,80,B
35082,12,12L,2007-10-19,89,90,91,92,93,92,91,89,88,86,A
5182,10,10M,2009-09-13,79,80,81,82,83,82,81,80,78,77,C
5204,12,12N,2008-04-25,87,88,89,90,91,90,89,88,86,85,A
5226,12,12O,2010-07-18,92,93,94,95,96,95,94,93,92,90,A
34246,10,10P,2008-03-28,80,81,82,83,84,83,82,81,79,77,C
5248,10,10Q,2011-01-22,87,88,89,90,91,89,88,87,85,83,A
5270,12,12R,2007-03-11,81,82,83,84,85,84,83,81,79,78,B
5292,12,12S,2009-06-14,88,89,90,91,92,91,90,89,88,87,A
30594,12,12T,2007-07-15,85,86,87,88,89,88,87,85,84,83,B
5314,12,12U,2012-02-28,80,81,82,83,84,82,81,80,78,77,C
1315,12,12V,2007-10-20,82,83,84,85,86,85,84,83,81,79,B
33014,10,10W,2011-01-23,88,89,90,91,92,91,90,89,88,86,A
2674,12,12X,2007-11-11,86,87,88,89,90,89,88,86,85,83,A
34620,12,12Y,2008-10-28,81,82,83,84,85,84,83,81,80,78,B
5336,12,12Z,2008-09-15,87,88,89,90,91,90,89,87,85,83,A
34972,10,10A,2007-05-13,80,81,82,83,84,83,82,81,79,77,C
30550,12,12B,2008-06-11,92,93,94,95,96,94,93,91,90,89,A
8088,10,10C,2010-05-28,84,85,86,87,88,87,86,85,83,81,B
6590,12,12D,2009-11-21,90,91,92,93,94,92,91,90,88,87,A
2938,12,12E,2007-09-11,85,86,87,88,89,88,87,85,84,82,B
31760,10,10F,2010-11-25,80,81,82,83,84,83,82,81,80,78,C
18751,10,10G,2008-05-20,87,88,89,90,91,90,89,87,86,85,A
33432,12,12H,2007-11-22,89,90,91,92,93,92,91,89,88,86,A
9320,12,12I,2008-01-17,83,84,85,86,87,86,85,84,83,81,B
9342,10,10J,2011-11-28,82,83,84,85,86,85,84,83,81,80,B
9364,12,12K,2007-02-24,88,89,90,91,92,91,90,89,88,86,A
4742,12,12L,2007-06-01,91,92,93,92,91,90,89,88,87,85,A
2652,12,12M,2012-06-25,81,82,83,84,85,84,83,81,80,78,B
4764,10,10N,2012-02-28,84,85,86,87,88,87,86,84,83,81,B
34224,12,12A,2011-09-14,91,92,93,94,95,94,93,92,91,89,A
4786,12,12B,2011-04-17,86,87,88,89,90,89,88,86,85,83,B
32992,10,10C,2007-02-11,87,88,89,90,91,90,89,87,86,84,A
7890,12,12D,2009-04-15,80,81,82,83,84,83,82,81,79,78,C
7912,10,10E,2010-07-18,84,85,86,87,88,87,86,84,83,81,B
7734,12,12F,2010-12-30,92,93,94,95,96,94,93,92,91,89,A
4324,12,12G,2010-06-23,85,86,87,88,89,88,87,85,84,82,B
7756,12,12H,2009-04-01,90,91,92,93,94,92,91,90,88,87,A
34488,12,12I,2007-08-22,91,92,93,94,95,94,93,91,90,88,A
34510,12,12J,2010-03-29,82,83,84,85,86,85,84,83,81,79,B
1745,10,10K,2010-12-18,89,90,91,92,93,92,91,89,88,86,A
33388,10,10L,2012-05-15,80,81,82,83,84,83,82,81,79,77,C
4302,12,12M,2007-11-27,92,93,94,95,96,95,94,92,91,89,A
34532,12,12N,2008-01-30,85,86,87,88,89,88,87,85,84,83,B
34554,12,12O,2011-09-26,81,82,83,84,85,84,83,81,79,77,C
34576,12,12P,2009-06-27,89,90,91,92,93,91,90,89,87,85,A
34664,12,12Q,2011-08-19,92,93,94,95,96,95,94,92,91,89,A
32156,12,12R,2007-09-09,87,88,89,90,91,90,89,87,86,84,A
16251,12,12S,2009-12-02,90,91,92,93,94,92,91,89,88,87,A
7118,12,12T,2010-06-19,86,87,88,89,90,89,88,86,85,83,B
7140,12,12U,2012-11-18,80,81,82,83,84,83,82,81,80,78,C
7162,12,12V,2009-07-29,87,88,89,90,91,90,89,88,87,85,A
7184,12,12W,2008-04-26,82,83,84,85,86,85,84,83,81,79,B
7206,12,12X,2011-09-10,88,89,90,91,92,91,90,89,87,85,A
2872,12,12Y,2009-06-19,79,80,81,82,83,81,80,79,77,75,C
7228,12,12Z,2009-02-25,91,92,93,94,95,94,93,92,91,89,A
6700,12,12A,2011-07-25,86,87,88,89,90,89,88,86,85,83,B
6722,12,12B,2007-11-06,93,94,95,96,97,96,95,93,92,90,A
34202,12,12C,2007-01-27,81,82,83,84,85,84,83,81,79,78,B
6744,12,12D,2010-05-09,89,90,91,92,93,92,91,89,88,86,A
8660,12,12E,2009-11-15,91,92,93,94,95,94,93,91,90,88,A
6766,12,12F,2008-12-18,80,81,82,83,84,83,82,81,79,77,C
22500,12,12G,2009-10-11,90,91,92,93,94,92,91,90,88,86,A
15000,12,12H,2011-11-03,85,86,87,88,89,88,87,85,84,82,B
33322,12,12I,2011-06-10,82,83,84,85,86,85,84,83,81,79,B
8902,12,12J,2012-04-23,88,89,90,91,92,91,90,89,87,85,A
20000,12,12K,2009-03-22,91,92,93,94,95,94,93,91,89,87,A
17500,12,12L,2010-07-14,79,80,81,82,83,81,80,79,77,75,C
22501,12,12M,2008-09-28,84,85,86,87,88,87,86,84,83,81,B
12501,12,12N,2009-05-19,91,92,93,94,95,94,93,91,90,88,A
6788,12,12A,2011-06-07,89,90,91,92,93,92,91,89,88,86,A
6810,12,12B,2009-02-10,85,86,87,88,89,88,87,85,84,82,B
7558,12,12C,2012-08-29,91,92,93,94,95,94,93,91,90,88,A
32288,12,12D,2009-09-07,83,84,85,86,87,86,85,83,82,80,B
6832,12,12E,2010-01-28,90,91,92,93,94,93,92,90,89,87,A
32816,12,12F,2007-10-18,94,95,96,97,98,97,96,94,93,91,A
6854,12,12G,2012-09-01,88,89,90,91,92,91,90,88,87,85,A
1701,12,12H,2007-03-19,83,84,85,86,87,86,85,83,82,80,B
6876,12,12I,2007-03-21,86,87,88,89,90,89,88,86,85,83,B
2476,12,12J,2008-02-18,90,91,92,93,94,92,91,90,89,87,A
6898,12,12K,2011-05-15,81,82,83,84,85,84,83,81,80,78,C
6920,12,12L,2009-12-22,91,92,93,94,95,94,93,91,90,88,A
6942,12,12M,2010-10-20,86,87,88,89,90,89,88,86,85,83,B
35808,12,12N,2010-09-15,91,92,93,94,95,94,93,91,90,88,A
3114,12,12O,2008-10-25,88,89,90,91,92,91,90,88,87,85,A
2916,12,12P,2008-05-28,89,90,91,92,93,92,91,89,88,86,A
26250,12,12Q,2011-11-25,80,81,82,83,84,83,82,80,79,77,C
2608,12,12R,2008-04-22,93,94,95,96,97,96,95,93,92,90,A
2828,12,12S,2011-07-22,86,87,88,89,90,89,88,86,85,83,B
32640,12,12T,2010-05-09,94,95,96,97,98,97,96,94,93,91,A
33278,12,12U,2012-09-13,81,82,83,84,85,84,83,81,80,78,C
33300,12,12V,2007-08-19,92,93,94,95,96,95,94,92,91,89,A
33344,12,12W,2009-05-22,83,84,85,86,87,86,85,83,82,80,B
33586,12,12X,2011-03-26,85,86,87,88,89,88,87,85,84,82,B
33366,12,12Y,2008-12-02,91,92,93,94,95,94,93,91,90,88,A
33696,12,12Z,2010-02-19,88,89,90,91,92,91,90,88,87,85,A
9078,12,12A,2009-11-12,92,93,94,95,96,95,94,92,91,89,A
9166,12,12B,2009-09-17,90,91,92,93,94,93,92,90,89,87,A
9232,12,12C,2010-03-11,85,86,87,88,89,88,87,85,84,82,B
6612,12,12D,2010-09-30,90,91,92,93,94,93,92,90,89,87,A
8704,12,12E,2010-03-14,86,87,88,89,90,89,88,86,85,83,B
8748,12,12F,2012-09-23,91,92,93,94,95,94,93,91,90,88,A
8770,12,12G,2009-12-29,82,83,84,85,86,85,84,82,81,79,B
2498,12,12H,2011-04-30,93,94,95,96,97,96,95,93,92,90,A
8792,12,12I,2008-01-17,81,82,83,84,85,84,83,81,80,78,C
11253,12,12J,2011-06-22,88,89,90,91,92,91,90,88,87,85,A
8814,12,12K,2010-10-24,89,90,91,92,93,92,91,89,88,86,A
8836,12,12L,2011-02-11,91,92,93,94,95,94,93,91,90,88,A
8858,12,12M,2009-07-20,80,81,82,83,84,83,82,80,79,77,C
35786,12,12N,2007-11-17,90,91,92,93,94,93,92,90,89,87,A
35830,12,12A,2011-01-20,85,86,87,88,89,88,87,85,84,82,B
35852,12,12B,2008-02-27,91,92,93,94,95,94,93,91,90,88,A
18750,12,12C,2007-06-26,87,88,89,90,91,90,89,87,86,84,B
35874,12,12D,2012-07-28,80,81,82,83,84,83,82,80,79,77,C
4544,12,12E,2007-11-12,90,91,92,93,94,93,92,90,89,87,A
35896,12,12F,2009-10-18,86,87,88,89,90,89,88,86,85,83,B
35918,12,12G,2007-12-08,91,92,93,94,95,94,93,91,90,88,A
35940,12,12H,2011-11-21,89,90,91,92,93,92,91,89,88,86,A
35962,12,12I,2009-01-19,88,89,90,91,92,91,90,88,87,85,A
3664,12,12J,2010-01-19,84,85,86,87,88,87,86,84,83,81,B
3708,12,12K,2009-05-24,90,91,92,93,94,93,92,90,89,87,A
4236,12,12L,2008-03-17,86,87,88,89,90,89,88,86,85,83,B
3598,12,12M,2009-06-15,91,92,93,94,95,94,93,91,90,88,A
4280,12,12N,2009-12-14,84,85,86,87,88,87,86,84,83,81,B
17504,12,12O,2010-03-26,83,84,85,86,87,86,85,83,82,80,B
35060,12,12P,2011-04-13,88,89,90,91,92,91,90,88,87,85,A
4346,12,12Q,2011-01-20,90,91,92,93,94,93,92,90,89,87,A
4368,12,12R,2008-04-19,82,83,84,85,86,85,84,82,81,79,B
4390,12,12S,2009-09-16,91,92,93,94,95,94,93,91,90,88,A
2223,12,12T,2010-12-11,84,85,86,87,88,87,86,84,83,81,B
4434,12,12U,2012-05-22,91,92,93,94,95,94,93,91,90,88,A
4456,12,12V,2010-01-31,89,90,91,92,93,92,91,89,88,86,A
4500,12,12W,2009-07-25,90,91,92,93,94,93,92,90,89,87,A
4522,12,12X,2011-06-14,80,81,82,83,84,83,82,80,79,77,C
1327,12,12Y,2009-12-15,91,92,93,94,95,94,93,91,90,88,A
1087,12,12Z,2010-11-30,86,87,88,89,90,89,88,86,85,83,B
13750,12,12A,2012-10-07,87,88,89,90,91,90,89,87,86,84,B
30946,12,12B,2009-06-13,90,91,92,93,94,93,92,90,89,87,A
30858,12,12C,2008-07-20,84,85,86,87,88,87,86,84,83,81,B
8506,12,12D,2009-04-24,92,93,94,95,96,95,94,92,91,89,A
8462,12,12E,2007-07-20,91,92,93,94,95,94,93,91,90,88,A
8000,12,12F,2007-10-20,85,86,87,88,89,88,87,85,84,82,B
33740,12,12G,2011-07-23,90,91,92,93,94,93,92,90,89,87,A
34950,12,12H,2009-03-29,83,84,85,86,87,86,85,83,82,80,B
8924,12,12I,2007-11-16,94,95,96,97,98,97,96,94,93,91,A
33762,12,12J,2007-04-20,88,89,90,91,92,91,90,88,87,85,A
34048,12,12K,2009-12-28,92,93,94,95,96,95,94,92,91,89,A
8528,12,12L,2012-10-22,84,85,86,87,88,87,86,84,83,81,B
5006,12,12M,2009-04-28,86,87,88,89,90,89,88,86,85,83,B
34070,12,12N,2010-04-17,83,84,85,86,87,86,85,83,82,80,B
31430,12,12O,2007-12-25,92,93,94,95,96,95,94,92,91,89,A
21250,12,12P,2007-09-30,88,89,90,91,92,91,90,88,87,85,A
1120,12,12Q,2012-05-23,90,91,92,93,94,93,92,90,89,87,A
3950,12,12R,2009-01-13,92,93,94,95,96,95,94,92,91,89,A
8286,12,12S,2009-02-25,84,85,86,87,88,87,86,84,83,81,B
